source_path,type,target,status
.gitignore,bin,asset:bin,TODO
AntiCpSvr.dll,bin,asset:bin,TODO
channel.xml,xml,json:config,TODO
channelrule.xml,xml,json:config,TODO
cserror.xml,xml,json:config,TODO
dbghelp.dll,bin,asset:bin,TODO
docker-compose.yml,bin,asset:bin,TODO
droptable.xml,xml,json:config,TODO
Event.xml,xml,json:config,TODO
EventList.xml,xml,json:config,TODO
filelistcrc.txt,txt,text:ref,TODO
formula.xml,xml,json:config,TODO
gungame.xml,xml,json:config,TODO
GunzDB.sq3,db,db:migrate,TODO
ladder_stat.dat,dat,json:stats,DONE
libcomservice2.dll,bin,asset:bin,TODO
Locator.ini,ini,json:config,TODO
MatchServer,bin,asset:bin,TODO
MatchServer.exe,bin,asset:bin,TODO
messages.xml,xml,json:config,TODO
NakamaServer.exe,bin,asset:bin,TODO
npc.xml,xml,json:config,TODO
npcset.xml,xml,json:config,TODO
package-lock.json,bin,asset:bin,TODO
package.json,bin,asset:bin,TODO
protocol.xml,xml,json:config,TODO
questmap.xml,xml,json:config,TODO
README.md,bin,asset:bin,TODO
report_questmap.txt,txt,text:ref,DONE
SacrificeTable.xml,xml,json:config,TODO
scenario.xml,xml,json:config,TODO
server.ini,ini,json:config,TODO
server.xml,xml,json:config,TODO
shop.xml,xml,json:config,TODO
shutdown.xml,xml,json:config,TODO
strings.xml,xml,json:config,TODO
tips.xml,xml,json:config,TODO
tsconfig.json,bin,asset:bin,TODO
worlditem.xml,xml,json:config,TODO
zitem.xml,xml,json:config,TODO
zquestitem.xml,xml,json:config,TODO
data\modules\game_data.ts,bin,asset:bin,TODO
data\modules\login.html,bin,asset:bin,TODO
data\modules\main.ts,bin,asset:bin,TODO
data\modules\nakama-types.d.ts,bin,asset:bin,TODO
data\modules\zitem_server.json,bin,asset:bin,TODO
data\modules\zitem_server.ts,bin,asset:bin,TODO
data\modules\build\index.js,bin,asset:bin,TODO
Log\MatchLog_2026-02-02-1.txt,txt,text:ref,TODO
Log\MatchLog_2026-02-02-2.txt,txt,text:ref,TODO
Log\MatchLog_2026-02-02-3.txt,txt,text:ref,TODO
Log\MatchLog_2026-02-02-4.txt,txt,text:ref,TODO
Maps\Battle Arena\spawn.xml,xml,json:config,TODO
Maps\Castle\spawn.xml,xml,json:config,TODO
Maps\Dungeon\spawn.xml,xml,json:config,TODO
Maps\Factory\spawn.xml,xml,json:config,TODO
Maps\Garden\spawn.xml,xml,json:config,TODO
Maps\High_Haven\spawn.xml,xml,json:config,TODO
Maps\Island\spawn.xml,xml,json:config,TODO
Maps\Lost Shrine\spawn.xml,xml,json:config,TODO
Maps\Mansion\spawn.xml,xml,json:config,TODO
Maps\Port\spawn.xml,xml,json:config,TODO
Maps\Prison\spawn.xml,xml,json:config,TODO
Maps\Prison II\spawn.xml,xml,json:config,TODO
Maps\Ruin\spawn.xml,xml,json:config,TODO
Maps\Stairway\spawn.xml,xml,json:config,TODO
Maps\Station\spawn.xml,xml,json:config,TODO
Maps\Town\spawn.xml,xml,json:config,TODO
node_modules\.package-lock.json,bin,asset:bin,TODO
node_modules\.bin\tsc,bin,asset:bin,TODO
node_modules\.bin\tsc.cmd,bin,asset:bin,TODO
node_modules\.bin\tsc.ps1,bin,asset:bin,TODO
node_modules\.bin\tsserver,bin,asset:bin,TODO
node_modules\.bin\tsserver.cmd,bin,asset:bin,TODO
node_modules\.bin\tsserver.ps1,bin,asset:bin,TODO
node_modules\nakama-runtime\.editorconfig,bin,asset:bin,TODO
node_modules\nakama-runtime\.golangci.yml,bin,asset:bin,TODO
node_modules\nakama-runtime\CHANGELOG.md,bin,asset:bin,TODO
node_modules\nakama-runtime\go.mod,bin,asset:bin,TODO
node_modules\nakama-runtime\go.sum,bin,asset:bin,TODO
node_modules\nakama-runtime\index.d.ts,bin,asset:bin,TODO
node_modules\nakama-runtime\LICENSE,bin,asset:bin,TODO
node_modules\nakama-runtime\package.json,bin,asset:bin,TODO
node_modules\nakama-runtime\README.md,bin,asset:bin,TODO
node_modules\nakama-runtime\tools.go,bin,asset:bin,TODO
node_modules\nakama-runtime\.github\workflows\golangci-lint.yml,bin,asset:bin,TODO
node_modules\nakama-runtime\api\api.pb.go,bin,asset:bin,TODO
node_modules\nakama-runtime\api\api.proto,bin,asset:bin,TODO
node_modules\nakama-runtime\api\build.go,bin,asset:bin,TODO
node_modules\nakama-runtime\rtapi\build.go,bin,asset:bin,TODO
node_modules\nakama-runtime\rtapi\realtime.pb.go,bin,asset:bin,TODO
node_modules\nakama-runtime\rtapi\realtime.proto,bin,asset:bin,TODO
node_modules\nakama-runtime\runtime\config.go,bin,asset:bin,TODO
node_modules\nakama-runtime\runtime\example_test.go,bin,asset:bin,TODO
node_modules\nakama-runtime\runtime\runtime.go,bin,asset:bin,TODO
node_modules\nakama-runtime\vendor\modules.txt,txt,text:ref,TODO
node_modules\nakama-runtime\vendor\google.golang.org\protobuf\LICENSE,bin,asset:bin,TODO
node_modules\nakama-runtime\vendor\google.golang.org\protobuf\PATENTS,bin,asset:bin,TODO
node_modules\nakama-runtime\vendor\google.golang.org\protobuf\cmd\protoc-gen-go\main.go,bin,asset:bin,TODO
node_modules\nakama-runtime\vendor\google.golang.org\protobuf\cmd\protoc-gen-go\internal_gengo\init.go,bin,asset:bin,TODO
node_modules\nakama-runtime\vendor\google.golang.org\protobuf\cmd\protoc-gen-go\internal_gengo\init_opaque.go,bin,asset:bin,TODO
node_modules\nakama-runtime\vendor\google.golang.org\protobuf\cmd\protoc-gen-go\internal_gengo\main.go,bin,asset:bin,TODO
node_modules\nakama-runtime\vendor\google.golang.org\protobuf\cmd\protoc-gen-go\internal_gengo\opaque.go,bin,asset:bin,TODO
node_modules\nakama-runtime\vendor\google.golang.org\protobuf\cmd\protoc-gen-go\internal_gengo\reflect.go,bin,asset:bin,TODO
node_modules\nakama-runtime\vendor\google.golang.org\protobuf\cmd\protoc-gen-go\internal_gengo\well_known_types.go,bin,asset:bin,TODO
node_modules\nakama-runtime\vendor\google.golang.org\protobuf\compiler\protogen\protogen.go,bin,asset:bin,TODO
node_modules\nakama-runtime\vendor\google.golang.org\protobuf\compiler\protogen\protogen_apilevel.go,bin,asset:bin,TODO
node_modules\nakama-runtime\vendor\google.golang.org\protobuf\compiler\protogen\protogen_opaque.go,bin,asset:bin,TODO
node_modules\nakama-runtime\vendor\google.golang.org\protobuf\encoding\prototext\decode.go,bin,asset:bin,TODO
node_modules\nakama-runtime\vendor\google.golang.org\protobuf\encoding\prototext\doc.go,bin,asset:bin,TODO
node_modules\nakama-runtime\vendor\google.golang.org\protobuf\encoding\prototext\encode.go,bin,asset:bin,TODO
node_modules\nakama-runtime\vendor\google.golang.org\protobuf\encoding\protowire\wire.go,bin,asset:bin,TODO
node_modules\nakama-runtime\vendor\google.golang.org\protobuf\internal\descfmt\stringer.go,bin,asset:bin,TODO
node_modules\nakama-runtime\vendor\google.golang.org\protobuf\internal\descopts\options.go,bin,asset:bin,TODO
node_modules\nakama-runtime\vendor\google.golang.org\protobuf\internal\detrand\rand.go,bin,asset:bin,TODO
node_modules\nakama-runtime\vendor\google.golang.org\protobuf\internal\editiondefaults\defaults.go,bin,asset:bin,TODO
node_modules\nakama-runtime\vendor\google.golang.org\protobuf\internal\editiondefaults\editions_defaults.binpb,bin,asset:bin,TODO
node_modules\nakama-runtime\vendor\google.golang.org\protobuf\internal\editionssupport\editions.go,bin,asset:bin,TODO
node_modules\nakama-runtime\vendor\google.golang.org\protobuf\internal\encoding\defval\default.go,bin,asset:bin,TODO
node_modules\nakama-runtime\vendor\google.golang.org\protobuf\internal\encoding\messageset\messageset.go,bin,asset:bin,TODO
node_modules\nakama-runtime\vendor\google.golang.org\protobuf\internal\encoding\tag\tag.go,bin,asset:bin,TODO
node_modules\nakama-runtime\vendor\google.golang.org\protobuf\internal\encoding\text\decode.go,bin,asset:bin,TODO
node_modules\nakama-runtime\vendor\google.golang.org\protobuf\internal\encoding\text\decode_number.go,bin,asset:bin,TODO
node_modules\nakama-runtime\vendor\google.golang.org\protobuf\internal\encoding\text\decode_string.go,bin,asset:bin,TODO
node_modules\nakama-runtime\vendor\google.golang.org\protobuf\internal\encoding\text\decode_token.go,bin,asset:bin,TODO
node_modules\nakama-runtime\vendor\google.golang.org\protobuf\internal\encoding\text\doc.go,bin,asset:bin,TODO
node_modules\nakama-runtime\vendor\google.golang.org\protobuf\internal\encoding\text\encode.go,bin,asset:bin,TODO
node_modules\nakama-runtime\vendor\google.golang.org\protobuf\internal\errors\errors.go,bin,asset:bin,TODO
node_modules\nakama-runtime\vendor\google.golang.org\protobuf\internal\filedesc\build.go,bin,asset:bin,TODO
node_modules\nakama-runtime\vendor\google.golang.org\protobuf\internal\filedesc\desc.go,bin,asset:bin,TODO
node_modules\nakama-runtime\vendor\google.golang.org\protobuf\internal\filedesc\desc_init.go,bin,asset:bin,TODO
node_modules\nakama-runtime\vendor\google.golang.org\protobuf\internal\filedesc\desc_lazy.go,bin,asset:bin,TODO
node_modules\nakama-runtime\vendor\google.golang.org\protobuf\internal\filedesc\desc_list.go,bin,asset:bin,TODO
node_modules\nakama-runtime\vendor\google.golang.org\protobuf\internal\filedesc\desc_list_gen.go,bin,asset:bin,TODO
node_modules\nakama-runtime\vendor\google.golang.org\protobuf\internal\filedesc\editions.go,bin,asset:bin,TODO
node_modules\nakama-runtime\vendor\google.golang.org\protobuf\internal\filedesc\placeholder.go,bin,asset:bin,TODO
node_modules\nakama-runtime\vendor\google.golang.org\protobuf\internal\filedesc\presence.go,bin,asset:bin,TODO
node_modules\nakama-runtime\vendor\google.golang.org\protobuf\internal\filetype\build.go,bin,asset:bin,TODO
node_modules\nakama-runtime\vendor\google.golang.org\protobuf\internal\flags\flags.go,bin,asset:bin,TODO
node_modules\nakama-runtime\vendor\google.golang.org\protobuf\internal\flags\proto_legacy_disable.go,bin,asset:bin,TODO
node_modules\nakama-runtime\vendor\google.golang.org\protobuf\internal\flags\proto_legacy_enable.go,bin,asset:bin,TODO
node_modules\nakama-runtime\vendor\google.golang.org\protobuf\internal\genid\any_gen.go,bin,asset:bin,TODO
node_modules\nakama-runtime\vendor\google.golang.org\protobuf\internal\genid\api_gen.go,bin,asset:bin,TODO
node_modules\nakama-runtime\vendor\google.golang.org\protobuf\internal\genid\descriptor_gen.go,bin,asset:bin,TODO
node_modules\nakama-runtime\vendor\google.golang.org\protobuf\internal\genid\doc.go,bin,asset:bin,TODO
node_modules\nakama-runtime\vendor\google.golang.org\protobuf\internal\genid\duration_gen.go,bin,asset:bin,TODO
node_modules\nakama-runtime\vendor\google.golang.org\protobuf\internal\genid\empty_gen.go,bin,asset:bin,TODO
node_modules\nakama-runtime\vendor\google.golang.org\protobuf\internal\genid\field_mask_gen.go,bin,asset:bin,TODO
node_modules\nakama-runtime\vendor\google.golang.org\protobuf\internal\genid\goname.go,bin,asset:bin,TODO
node_modules\nakama-runtime\vendor\google.golang.org\protobuf\internal\genid\go_features_gen.go,bin,asset:bin,TODO
node_modules\nakama-runtime\vendor\google.golang.org\protobuf\internal\genid\map_entry.go,bin,asset:bin,TODO
node_modules\nakama-runtime\vendor\google.golang.org\protobuf\internal\genid\name.go,bin,asset:bin,TODO
node_modules\nakama-runtime\vendor\google.golang.org\protobuf\internal\genid\source_context_gen.go,bin,asset:bin,TODO
node_modules\nakama-runtime\vendor\google.golang.org\protobuf\internal\genid\struct_gen.go,bin,asset:bin,TODO
node_modules\nakama-runtime\vendor\google.golang.org\protobuf\internal\genid\timestamp_gen.go,bin,asset:bin,TODO
node_modules\nakama-runtime\vendor\google.golang.org\protobuf\internal\genid\type_gen.go,bin,asset:bin,TODO
node_modules\nakama-runtime\vendor\google.golang.org\protobuf\internal\genid\wrappers.go,bin,asset:bin,TODO
node_modules\nakama-runtime\vendor\google.golang.org\protobuf\internal\genid\wrappers_gen.go,bin,asset:bin,TODO
node_modules\nakama-runtime\vendor\google.golang.org\protobuf\internal\impl\api_export.go,bin,asset:bin,TODO
node_modules\nakama-runtime\vendor\google.golang.org\protobuf\internal\impl\api_export_opaque.go,bin,asset:bin,TODO
node_modules\nakama-runtime\vendor\google.golang.org\protobuf\internal\impl\bitmap.go,bin,asset:bin,TODO
node_modules\nakama-runtime\vendor\google.golang.org\protobuf\internal\impl\bitmap_race.go,bin,asset:bin,TODO
node_modules\nakama-runtime\vendor\google.golang.org\protobuf\internal\impl\checkinit.go,bin,asset:bin,TODO
node_modules\nakama-runtime\vendor\google.golang.org\protobuf\internal\impl\codec_extension.go,bin,asset:bin,TODO
node_modules\nakama-runtime\vendor\google.golang.org\protobuf\internal\impl\codec_field.go,bin,asset:bin,TODO
node_modules\nakama-runtime\vendor\google.golang.org\protobuf\internal\impl\codec_field_opaque.go,bin,asset:bin,TODO
node_modules\nakama-runtime\vendor\google.golang.org\protobuf\internal\impl\codec_gen.go,bin,asset:bin,TODO
node_modules\nakama-runtime\vendor\google.golang.org\protobuf\internal\impl\codec_map.go,bin,asset:bin,TODO
node_modules\nakama-runtime\vendor\google.golang.org\protobuf\internal\impl\codec_message.go,bin,asset:bin,TODO
node_modules\nakama-runtime\vendor\google.golang.org\protobuf\internal\impl\codec_messageset.go,bin,asset:bin,TODO
node_modules\nakama-runtime\vendor\google.golang.org\protobuf\internal\impl\codec_message_opaque.go,bin,asset:bin,TODO
node_modules\nakama-runtime\vendor\google.golang.org\protobuf\internal\impl\codec_tables.go,bin,asset:bin,TODO
node_modules\nakama-runtime\vendor\google.golang.org\protobuf\internal\impl\codec_unsafe.go,bin,asset:bin,TODO
node_modules\nakama-runtime\vendor\google.golang.org\protobuf\internal\impl\convert.go,bin,asset:bin,TODO
node_modules\nakama-runtime\vendor\google.golang.org\protobuf\internal\impl\convert_list.go,bin,asset:bin,TODO
node_modules\nakama-runtime\vendor\google.golang.org\protobuf\internal\impl\convert_map.go,bin,asset:bin,TODO
node_modules\nakama-runtime\vendor\google.golang.org\protobuf\internal\impl\decode.go,bin,asset:bin,TODO
node_modules\nakama-runtime\vendor\google.golang.org\protobuf\internal\impl\encode.go,bin,asset:bin,TODO
node_modules\nakama-runtime\vendor\google.golang.org\protobuf\internal\impl\enum.go,bin,asset:bin,TODO
node_modules\nakama-runtime\vendor\google.golang.org\protobuf\internal\impl\equal.go,bin,asset:bin,TODO
node_modules\nakama-runtime\vendor\google.golang.org\protobuf\internal\impl\extension.go,bin,asset:bin,TODO
node_modules\nakama-runtime\vendor\google.golang.org\protobuf\internal\impl\lazy.go,bin,asset:bin,TODO
node_modules\nakama-runtime\vendor\google.golang.org\protobuf\internal\impl\legacy_enum.go,bin,asset:bin,TODO
node_modules\nakama-runtime\vendor\google.golang.org\protobuf\internal\impl\legacy_export.go,bin,asset:bin,TODO
node_modules\nakama-runtime\vendor\google.golang.org\protobuf\internal\impl\legacy_extension.go,bin,asset:bin,TODO
node_modules\nakama-runtime\vendor\google.golang.org\protobuf\internal\impl\legacy_file.go,bin,asset:bin,TODO
node_modules\nakama-runtime\vendor\google.golang.org\protobuf\internal\impl\legacy_message.go,bin,asset:bin,TODO
node_modules\nakama-runtime\vendor\google.golang.org\protobuf\internal\impl\merge.go,bin,asset:bin,TODO
node_modules\nakama-runtime\vendor\google.golang.org\protobuf\internal\impl\merge_gen.go,bin,asset:bin,TODO
node_modules\nakama-runtime\vendor\google.golang.org\protobuf\internal\impl\message.go,bin,asset:bin,TODO
node_modules\nakama-runtime\vendor\google.golang.org\protobuf\internal\impl\message_opaque.go,bin,asset:bin,TODO
node_modules\nakama-runtime\vendor\google.golang.org\protobuf\internal\impl\message_opaque_gen.go,bin,asset:bin,TODO
node_modules\nakama-runtime\vendor\google.golang.org\protobuf\internal\impl\message_reflect.go,bin,asset:bin,TODO
node_modules\nakama-runtime\vendor\google.golang.org\protobuf\internal\impl\message_reflect_field.go,bin,asset:bin,TODO
node_modules\nakama-runtime\vendor\google.golang.org\protobuf\internal\impl\message_reflect_field_gen.go,bin,asset:bin,TODO
node_modules\nakama-runtime\vendor\google.golang.org\protobuf\internal\impl\message_reflect_gen.go,bin,asset:bin,TODO
node_modules\nakama-runtime\vendor\google.golang.org\protobuf\internal\impl\pointer_unsafe.go,bin,asset:bin,TODO
node_modules\nakama-runtime\vendor\google.golang.org\protobuf\internal\impl\pointer_unsafe_opaque.go,bin,asset:bin,TODO
node_modules\nakama-runtime\vendor\google.golang.org\protobuf\internal\impl\presence.go,bin,asset:bin,TODO
node_modules\nakama-runtime\vendor\google.golang.org\protobuf\internal\impl\validate.go,bin,asset:bin,TODO
node_modules\nakama-runtime\vendor\google.golang.org\protobuf\internal\msgfmt\format.go,bin,asset:bin,TODO
node_modules\nakama-runtime\vendor\google.golang.org\protobuf\internal\order\order.go,bin,asset:bin,TODO
node_modules\nakama-runtime\vendor\google.golang.org\protobuf\internal\order\range.go,bin,asset:bin,TODO
node_modules\nakama-runtime\vendor\google.golang.org\protobuf\internal\pragma\pragma.go,bin,asset:bin,TODO
node_modules\nakama-runtime\vendor\google.golang.org\protobuf\internal\protolazy\bufferreader.go,bin,asset:bin,TODO
node_modules\nakama-runtime\vendor\google.golang.org\protobuf\internal\protolazy\lazy.go,bin,asset:bin,TODO
node_modules\nakama-runtime\vendor\google.golang.org\protobuf\internal\protolazy\pointer_unsafe.go,bin,asset:bin,TODO
node_modules\nakama-runtime\vendor\google.golang.org\protobuf\internal\set\ints.go,bin,asset:bin,TODO
node_modules\nakama-runtime\vendor\google.golang.org\protobuf\internal\strs\strings.go,bin,asset:bin,TODO
node_modules\nakama-runtime\vendor\google.golang.org\protobuf\internal\strs\strings_unsafe.go,bin,asset:bin,TODO
node_modules\nakama-runtime\vendor\google.golang.org\protobuf\internal\version\version.go,bin,asset:bin,TODO
node_modules\nakama-runtime\vendor\google.golang.org\protobuf\proto\checkinit.go,bin,asset:bin,TODO
node_modules\nakama-runtime\vendor\google.golang.org\protobuf\proto\decode.go,bin,asset:bin,TODO
node_modules\nakama-runtime\vendor\google.golang.org\protobuf\proto\decode_gen.go,bin,asset:bin,TODO
node_modules\nakama-runtime\vendor\google.golang.org\protobuf\proto\doc.go,bin,asset:bin,TODO
node_modules\nakama-runtime\vendor\google.golang.org\protobuf\proto\encode.go,bin,asset:bin,TODO
node_modules\nakama-runtime\vendor\google.golang.org\protobuf\proto\encode_gen.go,bin,asset:bin,TODO
node_modules\nakama-runtime\vendor\google.golang.org\protobuf\proto\equal.go,bin,asset:bin,TODO
node_modules\nakama-runtime\vendor\google.golang.org\protobuf\proto\extension.go,bin,asset:bin,TODO
node_modules\nakama-runtime\vendor\google.golang.org\protobuf\proto\merge.go,bin,asset:bin,TODO
node_modules\nakama-runtime\vendor\google.golang.org\protobuf\proto\messageset.go,bin,asset:bin,TODO
node_modules\nakama-runtime\vendor\google.golang.org\protobuf\proto\proto.go,bin,asset:bin,TODO
node_modules\nakama-runtime\vendor\google.golang.org\protobuf\proto\proto_methods.go,bin,asset:bin,TODO
node_modules\nakama-runtime\vendor\google.golang.org\protobuf\proto\proto_reflect.go,bin,asset:bin,TODO
node_modules\nakama-runtime\vendor\google.golang.org\protobuf\proto\reset.go,bin,asset:bin,TODO
node_modules\nakama-runtime\vendor\google.golang.org\protobuf\proto\size.go,bin,asset:bin,TODO
node_modules\nakama-runtime\vendor\google.golang.org\protobuf\proto\size_gen.go,bin,asset:bin,TODO
node_modules\nakama-runtime\vendor\google.golang.org\protobuf\proto\wrapperopaque.go,bin,asset:bin,TODO
node_modules\nakama-runtime\vendor\google.golang.org\protobuf\proto\wrappers.go,bin,asset:bin,TODO
node_modules\nakama-runtime\vendor\google.golang.org\protobuf\reflect\protodesc\desc.go,bin,asset:bin,TODO
node_modules\nakama-runtime\vendor\google.golang.org\protobuf\reflect\protodesc\desc_init.go,bin,asset:bin,TODO
node_modules\nakama-runtime\vendor\google.golang.org\protobuf\reflect\protodesc\desc_resolve.go,bin,asset:bin,TODO
node_modules\nakama-runtime\vendor\google.golang.org\protobuf\reflect\protodesc\desc_validate.go,bin,asset:bin,TODO
node_modules\nakama-runtime\vendor\google.golang.org\protobuf\reflect\protodesc\editions.go,bin,asset:bin,TODO
node_modules\nakama-runtime\vendor\google.golang.org\protobuf\reflect\protodesc\proto.go,bin,asset:bin,TODO
node_modules\nakama-runtime\vendor\google.golang.org\protobuf\reflect\protopath\path.go,bin,asset:bin,TODO
node_modules\nakama-runtime\vendor\google.golang.org\protobuf\reflect\protopath\step.go,bin,asset:bin,TODO
node_modules\nakama-runtime\vendor\google.golang.org\protobuf\reflect\protorange\range.go,bin,asset:bin,TODO
node_modules\nakama-runtime\vendor\google.golang.org\protobuf\reflect\protoreflect\methods.go,bin,asset:bin,TODO
node_modules\nakama-runtime\vendor\google.golang.org\protobuf\reflect\protoreflect\proto.go,bin,asset:bin,TODO
node_modules\nakama-runtime\vendor\google.golang.org\protobuf\reflect\protoreflect\source.go,bin,asset:bin,TODO
node_modules\nakama-runtime\vendor\google.golang.org\protobuf\reflect\protoreflect\source_gen.go,bin,asset:bin,TODO
node_modules\nakama-runtime\vendor\google.golang.org\protobuf\reflect\protoreflect\type.go,bin,asset:bin,TODO
node_modules\nakama-runtime\vendor\google.golang.org\protobuf\reflect\protoreflect\value.go,bin,asset:bin,TODO
node_modules\nakama-runtime\vendor\google.golang.org\protobuf\reflect\protoreflect\value_equal.go,bin,asset:bin,TODO
node_modules\nakama-runtime\vendor\google.golang.org\protobuf\reflect\protoreflect\value_union.go,bin,asset:bin,TODO
node_modules\nakama-runtime\vendor\google.golang.org\protobuf\reflect\protoreflect\value_unsafe.go,bin,asset:bin,TODO
node_modules\nakama-runtime\vendor\google.golang.org\protobuf\reflect\protoregistry\registry.go,bin,asset:bin,TODO
node_modules\nakama-runtime\vendor\google.golang.org\protobuf\runtime\protoiface\legacy.go,bin,asset:bin,TODO
node_modules\nakama-runtime\vendor\google.golang.org\protobuf\runtime\protoiface\methods.go,bin,asset:bin,TODO
node_modules\nakama-runtime\vendor\google.golang.org\protobuf\runtime\protoimpl\impl.go,bin,asset:bin,TODO
node_modules\nakama-runtime\vendor\google.golang.org\protobuf\runtime\protoimpl\version.go,bin,asset:bin,TODO
node_modules\nakama-runtime\vendor\google.golang.org\protobuf\types\descriptorpb\descriptor.pb.go,bin,asset:bin,TODO
node_modules\nakama-runtime\vendor\google.golang.org\protobuf\types\dynamicpb\dynamic.go,bin,asset:bin,TODO
node_modules\nakama-runtime\vendor\google.golang.org\protobuf\types\dynamicpb\types.go,bin,asset:bin,TODO
node_modules\nakama-runtime\vendor\google.golang.org\protobuf\types\gofeaturespb\go_features.pb.go,bin,asset:bin,TODO
node_modules\nakama-runtime\vendor\google.golang.org\protobuf\types\known\timestamppb\timestamp.pb.go,bin,asset:bin,TODO
node_modules\nakama-runtime\vendor\google.golang.org\protobuf\types\known\wrapperspb\wrappers.pb.go,bin,asset:bin,TODO
node_modules\nakama-runtime\vendor\google.golang.org\protobuf\types\pluginpb\plugin.pb.go,bin,asset:bin,TODO
node_modules\typescript\LICENSE.txt,txt,text:ref,TODO
node_modules\typescript\package.json,bin,asset:bin,TODO
node_modules\typescript\README.md,bin,asset:bin,TODO
node_modules\typescript\SECURITY.md,bin,asset:bin,TODO
node_modules\typescript\ThirdPartyNoticeText.txt,txt,text:ref,TODO
node_modules\typescript\bin\tsc,bin,asset:bin,TODO
node_modules\typescript\bin\tsserver,bin,asset:bin,TODO
node_modules\typescript\lib\cancellationToken.js,bin,asset:bin,TODO
node_modules\typescript\lib\dynamicImportCompat.js,bin,asset:bin,TODO
node_modules\typescript\lib\lib.d.ts,bin,asset:bin,TODO
node_modules\typescript\lib\lib.dom.d.ts,bin,asset:bin,TODO
node_modules\typescript\lib\lib.dom.iterable.d.ts,bin,asset:bin,TODO
node_modules\typescript\lib\lib.es2015.collection.d.ts,bin,asset:bin,TODO
node_modules\typescript\lib\lib.es2015.core.d.ts,bin,asset:bin,TODO
node_modules\typescript\lib\lib.es2015.d.ts,bin,asset:bin,TODO
node_modules\typescript\lib\lib.es2015.generator.d.ts,bin,asset:bin,TODO
node_modules\typescript\lib\lib.es2015.iterable.d.ts,bin,asset:bin,TODO
node_modules\typescript\lib\lib.es2015.promise.d.ts,bin,asset:bin,TODO
node_modules\typescript\lib\lib.es2015.proxy.d.ts,bin,asset:bin,TODO
node_modules\typescript\lib\lib.es2015.reflect.d.ts,bin,asset:bin,TODO
node_modules\typescript\lib\lib.es2015.symbol.d.ts,bin,asset:bin,TODO
node_modules\typescript\lib\lib.es2015.symbol.wellknown.d.ts,bin,asset:bin,TODO
node_modules\typescript\lib\lib.es2016.array.include.d.ts,bin,asset:bin,TODO
node_modules\typescript\lib\lib.es2016.d.ts,bin,asset:bin,TODO
node_modules\typescript\lib\lib.es2016.full.d.ts,bin,asset:bin,TODO
node_modules\typescript\lib\lib.es2017.d.ts,bin,asset:bin,TODO
node_modules\typescript\lib\lib.es2017.full.d.ts,bin,asset:bin,TODO
node_modules\typescript\lib\lib.es2017.intl.d.ts,bin,asset:bin,TODO
node_modules\typescript\lib\lib.es2017.object.d.ts,bin,asset:bin,TODO
node_modules\typescript\lib\lib.es2017.sharedmemory.d.ts,bin,asset:bin,TODO
node_modules\typescript\lib\lib.es2017.string.d.ts,bin,asset:bin,TODO
node_modules\typescript\lib\lib.es2017.typedarrays.d.ts,bin,asset:bin,TODO
node_modules\typescript\lib\lib.es2018.asyncgenerator.d.ts,bin,asset:bin,TODO
node_modules\typescript\lib\lib.es2018.asynciterable.d.ts,bin,asset:bin,TODO
node_modules\typescript\lib\lib.es2018.d.ts,bin,asset:bin,TODO
node_modules\typescript\lib\lib.es2018.full.d.ts,bin,asset:bin,TODO
node_modules\typescript\lib\lib.es2018.intl.d.ts,bin,asset:bin,TODO
node_modules\typescript\lib\lib.es2018.promise.d.ts,bin,asset:bin,TODO
node_modules\typescript\lib\lib.es2018.regexp.d.ts,bin,asset:bin,TODO
node_modules\typescript\lib\lib.es2019.array.d.ts,bin,asset:bin,TODO
node_modules\typescript\lib\lib.es2019.d.ts,bin,asset:bin,TODO
node_modules\typescript\lib\lib.es2019.full.d.ts,bin,asset:bin,TODO
node_modules\typescript\lib\lib.es2019.intl.d.ts,bin,asset:bin,TODO
node_modules\typescript\lib\lib.es2019.object.d.ts,bin,asset:bin,TODO
node_modules\typescript\lib\lib.es2019.string.d.ts,bin,asset:bin,TODO
node_modules\typescript\lib\lib.es2019.symbol.d.ts,bin,asset:bin,TODO
node_modules\typescript\lib\lib.es2020.bigint.d.ts,bin,asset:bin,TODO
node_modules\typescript\lib\lib.es2020.d.ts,bin,asset:bin,TODO
node_modules\typescript\lib\lib.es2020.date.d.ts,bin,asset:bin,TODO
node_modules\typescript\lib\lib.es2020.full.d.ts,bin,asset:bin,TODO
node_modules\typescript\lib\lib.es2020.intl.d.ts,bin,asset:bin,TODO
node_modules\typescript\lib\lib.es2020.number.d.ts,bin,asset:bin,TODO
node_modules\typescript\lib\lib.es2020.promise.d.ts,bin,asset:bin,TODO
node_modules\typescript\lib\lib.es2020.sharedmemory.d.ts,bin,asset:bin,TODO
node_modules\typescript\lib\lib.es2020.string.d.ts,bin,asset:bin,TODO
node_modules\typescript\lib\lib.es2020.symbol.wellknown.d.ts,bin,asset:bin,TODO
node_modules\typescript\lib\lib.es2021.d.ts,bin,asset:bin,TODO
node_modules\typescript\lib\lib.es2021.full.d.ts,bin,asset:bin,TODO
node_modules\typescript\lib\lib.es2021.intl.d.ts,bin,asset:bin,TODO
node_modules\typescript\lib\lib.es2021.promise.d.ts,bin,asset:bin,TODO
node_modules\typescript\lib\lib.es2021.string.d.ts,bin,asset:bin,TODO
node_modules\typescript\lib\lib.es2021.weakref.d.ts,bin,asset:bin,TODO
node_modules\typescript\lib\lib.es2022.array.d.ts,bin,asset:bin,TODO
node_modules\typescript\lib\lib.es2022.d.ts,bin,asset:bin,TODO
node_modules\typescript\lib\lib.es2022.error.d.ts,bin,asset:bin,TODO
node_modules\typescript\lib\lib.es2022.full.d.ts,bin,asset:bin,TODO
node_modules\typescript\lib\lib.es2022.intl.d.ts,bin,asset:bin,TODO
node_modules\typescript\lib\lib.es2022.object.d.ts,bin,asset:bin,TODO
node_modules\typescript\lib\lib.es2022.sharedmemory.d.ts,bin,asset:bin,TODO
node_modules\typescript\lib\lib.es2022.string.d.ts,bin,asset:bin,TODO
node_modules\typescript\lib\lib.es5.d.ts,bin,asset:bin,TODO
node_modules\typescript\lib\lib.es6.d.ts,bin,asset:bin,TODO
node_modules\typescript\lib\lib.esnext.d.ts,bin,asset:bin,TODO
node_modules\typescript\lib\lib.esnext.full.d.ts,bin,asset:bin,TODO
node_modules\typescript\lib\lib.esnext.intl.d.ts,bin,asset:bin,TODO
node_modules\typescript\lib\lib.esnext.promise.d.ts,bin,asset:bin,TODO
node_modules\typescript\lib\lib.esnext.string.d.ts,bin,asset:bin,TODO
node_modules\typescript\lib\lib.esnext.weakref.d.ts,bin,asset:bin,TODO
node_modules\typescript\lib\lib.scripthost.d.ts,bin,asset:bin,TODO
node_modules\typescript\lib\lib.webworker.d.ts,bin,asset:bin,TODO
node_modules\typescript\lib\lib.webworker.importscripts.d.ts,bin,asset:bin,TODO
node_modules\typescript\lib\lib.webworker.iterable.d.ts,bin,asset:bin,TODO
node_modules\typescript\lib\protocol.d.ts,bin,asset:bin,TODO
node_modules\typescript\lib\README.md,bin,asset:bin,TODO
node_modules\typescript\lib\tsc.js,bin,asset:bin,TODO
node_modules\typescript\lib\tsserver.js,bin,asset:bin,TODO
node_modules\typescript\lib\tsserverlibrary.d.ts,bin,asset:bin,TODO
node_modules\typescript\lib\tsserverlibrary.js,bin,asset:bin,TODO
node_modules\typescript\lib\typescript.d.ts,bin,asset:bin,TODO
node_modules\typescript\lib\typescript.js,bin,asset:bin,TODO
node_modules\typescript\lib\typescriptServices.d.ts,bin,asset:bin,TODO
node_modules\typescript\lib\typescriptServices.js,bin,asset:bin,TODO
node_modules\typescript\lib\typesMap.json,bin,asset:bin,TODO
node_modules\typescript\lib\typingsInstaller.js,bin,asset:bin,TODO
node_modules\typescript\lib\watchGuard.js,bin,asset:bin,TODO
node_modules\typescript\lib\cs\diagnosticMessages.generated.json,bin,asset:bin,TODO
node_modules\typescript\lib\de\diagnosticMessages.generated.json,bin,asset:bin,TODO
node_modules\typescript\lib\es\diagnosticMessages.generated.json,bin,asset:bin,TODO
node_modules\typescript\lib\fr\diagnosticMessages.generated.json,bin,asset:bin,TODO
node_modules\typescript\lib\it\diagnosticMessages.generated.json,bin,asset:bin,TODO
node_modules\typescript\lib\ja\diagnosticMessages.generated.json,bin,asset:bin,TODO
node_modules\typescript\lib\ko\diagnosticMessages.generated.json,bin,asset:bin,TODO
node_modules\typescript\lib\pl\diagnosticMessages.generated.json,bin,asset:bin,TODO
node_modules\typescript\lib\pt-br\diagnosticMessages.generated.json,bin,asset:bin,TODO
node_modules\typescript\lib\ru\diagnosticMessages.generated.json,bin,asset:bin,TODO
node_modules\typescript\lib\tr\diagnosticMessages.generated.json,bin,asset:bin,TODO
node_modules\typescript\lib\zh-cn\diagnosticMessages.generated.json,bin,asset:bin,TODO
node_modules\typescript\lib\zh-tw\diagnosticMessages.generated.json,bin,asset:bin,TODO

